id,Strength
5407,35.452
5408,35.452
5409,35.452
5410,35.452
5411,35.452
5412,35.452
5413,35.452
5414,35.452
5415,35.452
5416,35.452
5417,35.452
5418,35.452
5419,35.452
5420,35.452
5421,35.452
5422,35.452
5423,35.452
5424,35.452
5425,35.452
5426,35.452
5427,35.452
5428,35.452
5429,35.452
5430,35.452
5431,35.452
5432,35.452
5433,35.452
5434,35.452
5435,35.452
5436,35.452
5437,35.452
5438,35.452
5439,35.452
5440,35.452
5441,35.452
5442,35.452
5443,35.452
5444,35.452
5445,35.452
5446,35.452
5447,35.452
5448,35.452
5449,35.452
5450,35.452
5451,35.452
5452,35.452
5453,35.452
5454,35.452
5455,35.452
5456,35.452
5457,35.452
5458,35.452
5459,35.452
5460,35.452
5461,35.452
5462,35.452
5463,35.452
5464,35.452
5465,35.452
5466,35.452
5467,35.452
5468,35.452
5469,35.452
5470,35.452
5471,35.452
5472,35.452
5473,35.452
5474,35.452
5475,35.452
5476,35.452
5477,35.452
5478,35.452
5479,35.452
5480,35.452
5481,35.452
5482,35.452
5483,35.452
5484,35.452
5485,35.452
5486,35.452
5487,35.452
5488,35.452
5489,35.452
5490,35.452
5491,35.452
5492,35.452
5493,35.452
5494,35.452
5495,35.452
5496,35.452
5497,35.452
5498,35.452
5499,35.452
5500,35.452
5501,35.452
5502,35.452
5503,35.452
5504,35.452
5505,35.452
5506,35.452
5507,35.452
5508,35.452
5509,35.452
5510,35.452
5511,35.452
5512,35.452
5513,35.452
5514,35.452
5515,35.452
5516,35.452
5517,35.452
5518,35.452
5519,35.452
5520,35.452
5521,35.452
5522,35.452
5523,35.452
5524,35.452
5525,35.452
5526,35.452
5527,35.452
5528,35.452
5529,35.452
5530,35.452
5531,35.452
5532,35.452
5533,35.452
5534,35.452
5535,35.452
5536,35.452
5537,35.452
5538,35.452
5539,35.452
5540,35.452
5541,35.452
5542,35.452
5543,35.452
5544,35.452
5545,35.452
5546,35.452
5547,35.452
5548,35.452
5549,35.452
5550,35.452
5551,35.452
5552,35.452
5553,35.452
5554,35.452
5555,35.452
5556,35.452
5557,35.452
5558,35.452
5559,35.452
5560,35.452
5561,35.452
5562,35.452
5563,35.452
5564,35.452
5565,35.452
5566,35.452
5567,35.452
5568,35.452
5569,35.452
5570,35.452
5571,35.452
5572,35.452
5573,35.452
5574,35.452
5575,35.452
5576,35.452
5577,35.452
5578,35.452
5579,35.452
5580,35.452
5581,35.452
5582,35.452
5583,35.452
5584,35.452
5585,35.452
5586,35.452
5587,35.452
5588,35.452
5589,35.452
5590,35.452
5591,35.452
5592,35.452
5593,35.452
5594,35.452
5595,35.452
5596,35.452
5597,35.452
5598,35.452
5599,35.452
5600,35.452
5601,35.452
5602,35.452
5603,35.452
5604,35.452
5605,35.452
5606,35.452
5607,35.452
5608,35.452
5609,35.452
5610,35.452
5611,35.452
5612,35.452
5613,35.452
5614,35.452
5615,35.452
5616,35.452
5617,35.452
5618,35.452
5619,35.452
5620,35.452
5621,35.452
5622,35.452
5623,35.452
5624,35.452
5625,35.452
5626,35.452
5627,35.452
5628,35.452
5629,35.452
5630,35.452
5631,35.452
5632,35.452
5633,35.452
5634,35.452
5635,35.452
5636,35.452
5637,35.452
5638,35.452
5639,35.452
5640,35.452
5641,35.452
5642,35.452
5643,35.452
5644,35.452
5645,35.452
5646,35.452
5647,35.452
5648,35.452
5649,35.452
5650,35.452
5651,35.452
5652,35.452
5653,35.452
5654,35.452
5655,35.452
5656,35.452
5657,35.452
5658,35.452
5659,35.452
5660,35.452
5661,35.452
5662,35.452
5663,35.452
5664,35.452
5665,35.452
5666,35.452
5667,35.452
5668,35.452
5669,35.452
5670,35.452
5671,35.452
5672,35.452
5673,35.452
5674,35.452
5675,35.452
5676,35.452
5677,35.452
5678,35.452
5679,35.452
5680,35.452
5681,35.452
5682,35.452
5683,35.452
5684,35.452
5685,35.452
5686,35.452
5687,35.452
5688,35.452
5689,35.452
5690,35.452
5691,35.452
5692,35.452
5693,35.452
5694,35.452
5695,35.452
5696,35.452
5697,35.452
5698,35.452
5699,35.452
5700,35.452
5701,35.452
5702,35.452
5703,35.452
5704,35.452
5705,35.452
5706,35.452
5707,35.452
5708,35.452
5709,35.452
5710,35.452
5711,35.452
5712,35.452
5713,35.452
5714,35.452
5715,35.452
5716,35.452
5717,35.452
5718,35.452
5719,35.452
5720,35.452
5721,35.452
5722,35.452
5723,35.452
5724,35.452
5725,35.452
5726,35.452
5727,35.452
5728,35.452
5729,35.452
5730,35.452
5731,35.452
5732,35.452
5733,35.452
5734,35.452
5735,35.452
5736,35.452
5737,35.452
5738,35.452
5739,35.452
5740,35.452
5741,35.452
5742,35.452
5743,35.452
5744,35.452
5745,35.452
5746,35.452
5747,35.452
5748,35.452
5749,35.452
5750,35.452
5751,35.452
5752,35.452
5753,35.452
5754,35.452
5755,35.452
5756,35.452
5757,35.452
5758,35.452
5759,35.452
5760,35.452
5761,35.452
5762,35.452
5763,35.452
5764,35.452
5765,35.452
5766,35.452
5767,35.452
5768,35.452
5769,35.452
5770,35.452
5771,35.452
5772,35.452
5773,35.452
5774,35.452
5775,35.452
5776,35.452
5777,35.452
5778,35.452
5779,35.452
5780,35.452
5781,35.452
5782,35.452
5783,35.452
5784,35.452
5785,35.452
5786,35.452
5787,35.452
5788,35.452
5789,35.452
5790,35.452
5791,35.452
5792,35.452
5793,35.452
5794,35.452
5795,35.452
5796,35.452
5797,35.452
5798,35.452
5799,35.452
5800,35.452
5801,35.452
5802,35.452
5803,35.452
5804,35.452
5805,35.452
5806,35.452
5807,35.452
5808,35.452
5809,35.452
5810,35.452
5811,35.452
5812,35.452
5813,35.452
5814,35.452
5815,35.452
5816,35.452
5817,35.452
5818,35.452
5819,35.452
5820,35.452
5821,35.452
5822,35.452
5823,35.452
5824,35.452
5825,35.452
5826,35.452
5827,35.452
5828,35.452
5829,35.452
5830,35.452
5831,35.452
5832,35.452
5833,35.452
5834,35.452
5835,35.452
5836,35.452
5837,35.452
5838,35.452
5839,35.452
5840,35.452
5841,35.452
5842,35.452
5843,35.452
5844,35.452
5845,35.452
5846,35.452
5847,35.452
5848,35.452
5849,35.452
5850,35.452
5851,35.452
5852,35.452
5853,35.452
5854,35.452
5855,35.452
5856,35.452
5857,35.452
5858,35.452
5859,35.452
5860,35.452
5861,35.452
5862,35.452
5863,35.452
5864,35.452
5865,35.452
5866,35.452
5867,35.452
5868,35.452
5869,35.452
5870,35.452
5871,35.452
5872,35.452
5873,35.452
5874,35.452
5875,35.452
5876,35.452
5877,35.452
5878,35.452
5879,35.452
5880,35.452
5881,35.452
5882,35.452
5883,35.452
5884,35.452
5885,35.452
5886,35.452
5887,35.452
5888,35.452
5889,35.452
5890,35.452
5891,35.452
5892,35.452
5893,35.452
5894,35.452
5895,35.452
5896,35.452
5897,35.452
5898,35.452
5899,35.452
5900,35.452
5901,35.452
5902,35.452
5903,35.452
5904,35.452
5905,35.452
5906,35.452
5907,35.452
5908,35.452
5909,35.452
5910,35.452
5911,35.452
5912,35.452
5913,35.452
5914,35.452
5915,35.452
5916,35.452
5917,35.452
5918,35.452
5919,35.452
5920,35.452
5921,35.452
5922,35.452
5923,35.452
5924,35.452
5925,35.452
5926,35.452
5927,35.452
5928,35.452
5929,35.452
5930,35.452
5931,35.452
5932,35.452
5933,35.452
5934,35.452
5935,35.452
5936,35.452
5937,35.452
5938,35.452
5939,35.452
5940,35.452
5941,35.452
5942,35.452
5943,35.452
5944,35.452
5945,35.452
5946,35.452
5947,35.452
5948,35.452
5949,35.452
5950,35.452
5951,35.452
5952,35.452
5953,35.452
5954,35.452
5955,35.452
5956,35.452
5957,35.452
5958,35.452
5959,35.452
5960,35.452
5961,35.452
5962,35.452
5963,35.452
5964,35.452
5965,35.452
5966,35.452
5967,35.452
5968,35.452
5969,35.452
5970,35.452
5971,35.452
5972,35.452
5973,35.452
5974,35.452
5975,35.452
5976,35.452
5977,35.452
5978,35.452
5979,35.452
5980,35.452
5981,35.452
5982,35.452
5983,35.452
5984,35.452
5985,35.452
5986,35.452
5987,35.452
5988,35.452
5989,35.452
5990,35.452
5991,35.452
5992,35.452
5993,35.452
5994,35.452
5995,35.452
5996,35.452
5997,35.452
5998,35.452
5999,35.452
6000,35.452
6001,35.452
6002,35.452
6003,35.452
6004,35.452
6005,35.452
6006,35.452
6007,35.452
6008,35.452
6009,35.452
6010,35.452
6011,35.452
6012,35.452
6013,35.452
6014,35.452
6015,35.452
6016,35.452
6017,35.452
6018,35.452
6019,35.452
6020,35.452
6021,35.452
6022,35.452
6023,35.452
6024,35.452
6025,35.452
6026,35.452
6027,35.452
6028,35.452
6029,35.452
6030,35.452
6031,35.452
6032,35.452
6033,35.452
6034,35.452
6035,35.452
6036,35.452
6037,35.452
6038,35.452
6039,35.452
6040,35.452
6041,35.452
6042,35.452
6043,35.452
6044,35.452
6045,35.452
6046,35.452
6047,35.452
6048,35.452
6049,35.452
6050,35.452
6051,35.452
6052,35.452
6053,35.452
6054,35.452
6055,35.452
6056,35.452
6057,35.452
6058,35.452
6059,35.452
6060,35.452
6061,35.452
6062,35.452
6063,35.452
6064,35.452
6065,35.452
6066,35.452
6067,35.452
6068,35.452
6069,35.452
6070,35.452
6071,35.452
6072,35.452
6073,35.452
6074,35.452
6075,35.452
6076,35.452
6077,35.452
6078,35.452
6079,35.452
6080,35.452
6081,35.452
6082,35.452
6083,35.452
6084,35.452
6085,35.452
6086,35.452
6087,35.452
6088,35.452
6089,35.452
6090,35.452
6091,35.452
6092,35.452
6093,35.452
6094,35.452
6095,35.452
6096,35.452
6097,35.452
6098,35.452
6099,35.452
6100,35.452
6101,35.452
6102,35.452
6103,35.452
6104,35.452
6105,35.452
6106,35.452
6107,35.452
6108,35.452
6109,35.452
6110,35.452
6111,35.452
6112,35.452
6113,35.452
6114,35.452
6115,35.452
6116,35.452
6117,35.452
6118,35.452
6119,35.452
6120,35.452
6121,35.452
6122,35.452
6123,35.452
6124,35.452
6125,35.452
6126,35.452
6127,35.452
6128,35.452
6129,35.452
6130,35.452
6131,35.452
6132,35.452
6133,35.452
6134,35.452
6135,35.452
6136,35.452
6137,35.452
6138,35.452
6139,35.452
6140,35.452
6141,35.452
6142,35.452
6143,35.452
6144,35.452
6145,35.452
6146,35.452
6147,35.452
6148,35.452
6149,35.452
6150,35.452
6151,35.452
6152,35.452
6153,35.452
6154,35.452
6155,35.452
6156,35.452
6157,35.452
6158,35.452
6159,35.452
6160,35.452
6161,35.452
6162,35.452
6163,35.452
6164,35.452
6165,35.452
6166,35.452
6167,35.452
6168,35.452
6169,35.452
6170,35.452
6171,35.452
6172,35.452
6173,35.452
6174,35.452
6175,35.452
6176,35.452
6177,35.452
6178,35.452
6179,35.452
6180,35.452
6181,35.452
6182,35.452
6183,35.452
6184,35.452
6185,35.452
6186,35.452
6187,35.452
6188,35.452
6189,35.452
6190,35.452
6191,35.452
6192,35.452
6193,35.452
6194,35.452
6195,35.452
6196,35.452
6197,35.452
6198,35.452
6199,35.452
6200,35.452
6201,35.452
6202,35.452
6203,35.452
6204,35.452
6205,35.452
6206,35.452
6207,35.452
6208,35.452
6209,35.452
6210,35.452
6211,35.452
6212,35.452
6213,35.452
6214,35.452
6215,35.452
6216,35.452
6217,35.452
6218,35.452
6219,35.452
6220,35.452
6221,35.452
6222,35.452
6223,35.452
6224,35.452
6225,35.452
6226,35.452
6227,35.452
6228,35.452
6229,35.452
6230,35.452
6231,35.452
6232,35.452
6233,35.452
6234,35.452
6235,35.452
6236,35.452
6237,35.452
6238,35.452
6239,35.452
6240,35.452
6241,35.452
6242,35.452
6243,35.452
6244,35.452
6245,35.452
6246,35.452
6247,35.452
6248,35.452
6249,35.452
6250,35.452
6251,35.452
6252,35.452
6253,35.452
6254,35.452
6255,35.452
6256,35.452
6257,35.452
6258,35.452
6259,35.452
6260,35.452
6261,35.452
6262,35.452
6263,35.452
6264,35.452
6265,35.452
6266,35.452
6267,35.452
6268,35.452
6269,35.452
6270,35.452
6271,35.452
6272,35.452
6273,35.452
6274,35.452
6275,35.452
6276,35.452
6277,35.452
6278,35.452
6279,35.452
6280,35.452
6281,35.452
6282,35.452
6283,35.452
6284,35.452
6285,35.452
6286,35.452
6287,35.452
6288,35.452
6289,35.452
6290,35.452
6291,35.452
6292,35.452
6293,35.452
6294,35.452
6295,35.452
6296,35.452
6297,35.452
6298,35.452
6299,35.452
6300,35.452
6301,35.452
6302,35.452
6303,35.452
6304,35.452
6305,35.452
6306,35.452
6307,35.452
6308,35.452
6309,35.452
6310,35.452
6311,35.452
6312,35.452
6313,35.452
6314,35.452
6315,35.452
6316,35.452
6317,35.452
6318,35.452
6319,35.452
6320,35.452
6321,35.452
6322,35.452
6323,35.452
6324,35.452
6325,35.452
6326,35.452
6327,35.452
6328,35.452
6329,35.452
6330,35.452
6331,35.452
6332,35.452
6333,35.452
6334,35.452
6335,35.452
6336,35.452
6337,35.452
6338,35.452
6339,35.452
6340,35.452
6341,35.452
6342,35.452
6343,35.452
6344,35.452
6345,35.452
6346,35.452
6347,35.452
6348,35.452
6349,35.452
6350,35.452
6351,35.452
6352,35.452
6353,35.452
6354,35.452
6355,35.452
6356,35.452
6357,35.452
6358,35.452
6359,35.452
6360,35.452
6361,35.452
6362,35.452
6363,35.452
6364,35.452
6365,35.452
6366,35.452
6367,35.452
6368,35.452
6369,35.452
6370,35.452
6371,35.452
6372,35.452
6373,35.452
6374,35.452
6375,35.452
6376,35.452
6377,35.452
6378,35.452
6379,35.452
6380,35.452
6381,35.452
6382,35.452
6383,35.452
6384,35.452
6385,35.452
6386,35.452
6387,35.452
6388,35.452
6389,35.452
6390,35.452
6391,35.452
6392,35.452
6393,35.452
6394,35.452
6395,35.452
6396,35.452
6397,35.452
6398,35.452
6399,35.452
6400,35.452
6401,35.452
6402,35.452
6403,35.452
6404,35.452
6405,35.452
6406,35.452
6407,35.452
6408,35.452
6409,35.452
6410,35.452
6411,35.452
6412,35.452
6413,35.452
6414,35.452
6415,35.452
6416,35.452
6417,35.452
6418,35.452
6419,35.452
6420,35.452
6421,35.452
6422,35.452
6423,35.452
6424,35.452
6425,35.452
6426,35.452
6427,35.452
6428,35.452
6429,35.452
6430,35.452
6431,35.452
6432,35.452
6433,35.452
6434,35.452
6435,35.452
6436,35.452
6437,35.452
6438,35.452
6439,35.452
6440,35.452
6441,35.452
6442,35.452
6443,35.452
6444,35.452
6445,35.452
6446,35.452
6447,35.452
6448,35.452
6449,35.452
6450,35.452
6451,35.452
6452,35.452
6453,35.452
6454,35.452
6455,35.452
6456,35.452
6457,35.452
6458,35.452
6459,35.452
6460,35.452
6461,35.452
6462,35.452
6463,35.452
6464,35.452
6465,35.452
6466,35.452
6467,35.452
6468,35.452
6469,35.452
6470,35.452
6471,35.452
6472,35.452
6473,35.452
6474,35.452
6475,35.452
6476,35.452
6477,35.452
6478,35.452
6479,35.452
6480,35.452
6481,35.452
6482,35.452
6483,35.452
6484,35.452
6485,35.452
6486,35.452
6487,35.452
6488,35.452
6489,35.452
6490,35.452
6491,35.452
6492,35.452
6493,35.452
6494,35.452
6495,35.452
6496,35.452
6497,35.452
6498,35.452
6499,35.452
6500,35.452
6501,35.452
6502,35.452
6503,35.452
6504,35.452
6505,35.452
6506,35.452
6507,35.452
6508,35.452
6509,35.452
6510,35.452
6511,35.452
6512,35.452
6513,35.452
6514,35.452
6515,35.452
6516,35.452
6517,35.452
6518,35.452
6519,35.452
6520,35.452
6521,35.452
6522,35.452
6523,35.452
6524,35.452
6525,35.452
6526,35.452
6527,35.452
6528,35.452
6529,35.452
6530,35.452
6531,35.452
6532,35.452
6533,35.452
6534,35.452
6535,35.452
6536,35.452
6537,35.452
6538,35.452
6539,35.452
6540,35.452
6541,35.452
6542,35.452
6543,35.452
6544,35.452
6545,35.452
6546,35.452
6547,35.452
6548,35.452
6549,35.452
6550,35.452
6551,35.452
6552,35.452
6553,35.452
6554,35.452
6555,35.452
6556,35.452
6557,35.452
6558,35.452
6559,35.452
6560,35.452
6561,35.452
6562,35.452
6563,35.452
6564,35.452
6565,35.452
6566,35.452
6567,35.452
6568,35.452
6569,35.452
6570,35.452
6571,35.452
6572,35.452
6573,35.452
6574,35.452
6575,35.452
6576,35.452
6577,35.452
6578,35.452
6579,35.452
6580,35.452
6581,35.452
6582,35.452
6583,35.452
6584,35.452
6585,35.452
6586,35.452
6587,35.452
6588,35.452
6589,35.452
6590,35.452
6591,35.452
6592,35.452
6593,35.452
6594,35.452
6595,35.452
6596,35.452
6597,35.452
6598,35.452
6599,35.452
6600,35.452
6601,35.452
6602,35.452
6603,35.452
6604,35.452
6605,35.452
6606,35.452
6607,35.452
6608,35.452
6609,35.452
6610,35.452
6611,35.452
6612,35.452
6613,35.452
6614,35.452
6615,35.452
6616,35.452
6617,35.452
6618,35.452
6619,35.452
6620,35.452
6621,35.452
6622,35.452
6623,35.452
6624,35.452
6625,35.452
6626,35.452
6627,35.452
6628,35.452
6629,35.452
6630,35.452
6631,35.452
6632,35.452
6633,35.452
6634,35.452
6635,35.452
6636,35.452
6637,35.452
6638,35.452
6639,35.452
6640,35.452
6641,35.452
6642,35.452
6643,35.452
6644,35.452
6645,35.452
6646,35.452
6647,35.452
6648,35.452
6649,35.452
6650,35.452
6651,35.452
6652,35.452
6653,35.452
6654,35.452
6655,35.452
6656,35.452
6657,35.452
6658,35.452
6659,35.452
6660,35.452
6661,35.452
6662,35.452
6663,35.452
6664,35.452
6665,35.452
6666,35.452
6667,35.452
6668,35.452
6669,35.452
6670,35.452
6671,35.452
6672,35.452
6673,35.452
6674,35.452
6675,35.452
6676,35.452
6677,35.452
6678,35.452
6679,35.452
6680,35.452
6681,35.452
6682,35.452
6683,35.452
6684,35.452
6685,35.452
6686,35.452
6687,35.452
6688,35.452
6689,35.452
6690,35.452
6691,35.452
6692,35.452
6693,35.452
6694,35.452
6695,35.452
6696,35.452
6697,35.452
6698,35.452
6699,35.452
6700,35.452
6701,35.452
6702,35.452
6703,35.452
6704,35.452
6705,35.452
6706,35.452
6707,35.452
6708,35.452
6709,35.452
6710,35.452
6711,35.452
6712,35.452
6713,35.452
6714,35.452
6715,35.452
6716,35.452
6717,35.452
6718,35.452
6719,35.452
6720,35.452
6721,35.452
6722,35.452
6723,35.452
6724,35.452
6725,35.452
6726,35.452
6727,35.452
6728,35.452
6729,35.452
6730,35.452
6731,35.452
6732,35.452
6733,35.452
6734,35.452
6735,35.452
6736,35.452
6737,35.452
6738,35.452
6739,35.452
6740,35.452
6741,35.452
6742,35.452
6743,35.452
6744,35.452
6745,35.452
6746,35.452
6747,35.452
6748,35.452
6749,35.452
6750,35.452
6751,35.452
6752,35.452
6753,35.452
6754,35.452
6755,35.452
6756,35.452
6757,35.452
6758,35.452
6759,35.452
6760,35.452
6761,35.452
6762,35.452
6763,35.452
6764,35.452
6765,35.452
6766,35.452
6767,35.452
6768,35.452
6769,35.452
6770,35.452
6771,35.452
6772,35.452
6773,35.452
6774,35.452
6775,35.452
6776,35.452
6777,35.452
6778,35.452
6779,35.452
6780,35.452
6781,35.452
6782,35.452
6783,35.452
6784,35.452
6785,35.452
6786,35.452
6787,35.452
6788,35.452
6789,35.452
6790,35.452
6791,35.452
6792,35.452
6793,35.452
6794,35.452
6795,35.452
6796,35.452
6797,35.452
6798,35.452
6799,35.452
6800,35.452
6801,35.452
6802,35.452
6803,35.452
6804,35.452
6805,35.452
6806,35.452
6807,35.452
6808,35.452
6809,35.452
6810,35.452
6811,35.452
6812,35.452
6813,35.452
6814,35.452
6815,35.452
6816,35.452
6817,35.452
6818,35.452
6819,35.452
6820,35.452
6821,35.452
6822,35.452
6823,35.452
6824,35.452
6825,35.452
6826,35.452
6827,35.452
6828,35.452
6829,35.452
6830,35.452
6831,35.452
6832,35.452
6833,35.452
6834,35.452
6835,35.452
6836,35.452
6837,35.452
6838,35.452
6839,35.452
6840,35.452
6841,35.452
6842,35.452
6843,35.452
6844,35.452
6845,35.452
6846,35.452
6847,35.452
6848,35.452
6849,35.452
6850,35.452
6851,35.452
6852,35.452
6853,35.452
6854,35.452
6855,35.452
6856,35.452
6857,35.452
6858,35.452
6859,35.452
6860,35.452
6861,35.452
6862,35.452
6863,35.452
6864,35.452
6865,35.452
6866,35.452
6867,35.452
6868,35.452
6869,35.452
6870,35.452
6871,35.452
6872,35.452
6873,35.452
6874,35.452
6875,35.452
6876,35.452
6877,35.452
6878,35.452
6879,35.452
6880,35.452
6881,35.452
6882,35.452
6883,35.452
6884,35.452
6885,35.452
6886,35.452
6887,35.452
6888,35.452
6889,35.452
6890,35.452
6891,35.452
6892,35.452
6893,35.452
6894,35.452
6895,35.452
6896,35.452
6897,35.452
6898,35.452
6899,35.452
6900,35.452
6901,35.452
6902,35.452
6903,35.452
6904,35.452
6905,35.452
6906,35.452
6907,35.452
6908,35.452
6909,35.452
6910,35.452
6911,35.452
6912,35.452
6913,35.452
6914,35.452
6915,35.452
6916,35.452
6917,35.452
6918,35.452
6919,35.452
6920,35.452
6921,35.452
6922,35.452
6923,35.452
6924,35.452
6925,35.452
6926,35.452
6927,35.452
6928,35.452
6929,35.452
6930,35.452
6931,35.452
6932,35.452
6933,35.452
6934,35.452
6935,35.452
6936,35.452
6937,35.452
6938,35.452
6939,35.452
6940,35.452
6941,35.452
6942,35.452
6943,35.452
6944,35.452
6945,35.452
6946,35.452
6947,35.452
6948,35.452
6949,35.452
6950,35.452
6951,35.452
6952,35.452
6953,35.452
6954,35.452
6955,35.452
6956,35.452
6957,35.452
6958,35.452
6959,35.452
6960,35.452
6961,35.452
6962,35.452
6963,35.452
6964,35.452
6965,35.452
6966,35.452
6967,35.452
6968,35.452
6969,35.452
6970,35.452
6971,35.452
6972,35.452
6973,35.452
6974,35.452
6975,35.452
6976,35.452
6977,35.452
6978,35.452
6979,35.452
6980,35.452
6981,35.452
6982,35.452
6983,35.452
6984,35.452
6985,35.452
6986,35.452
6987,35.452
6988,35.452
6989,35.452
6990,35.452
6991,35.452
6992,35.452
6993,35.452
6994,35.452
6995,35.452
6996,35.452
6997,35.452
6998,35.452
6999,35.452
7000,35.452
7001,35.452
7002,35.452
7003,35.452
7004,35.452
7005,35.452
7006,35.452
7007,35.452
7008,35.452
7009,35.452
7010,35.452
7011,35.452
7012,35.452
7013,35.452
7014,35.452
7015,35.452
7016,35.452
7017,35.452
7018,35.452
7019,35.452
7020,35.452
7021,35.452
7022,35.452
7023,35.452
7024,35.452
7025,35.452
7026,35.452
7027,35.452
7028,35.452
7029,35.452
7030,35.452
7031,35.452
7032,35.452
7033,35.452
7034,35.452
7035,35.452
7036,35.452
7037,35.452
7038,35.452
7039,35.452
7040,35.452
7041,35.452
7042,35.452
7043,35.452
7044,35.452
7045,35.452
7046,35.452
7047,35.452
7048,35.452
7049,35.452
7050,35.452
7051,35.452
7052,35.452
7053,35.452
7054,35.452
7055,35.452
7056,35.452
7057,35.452
7058,35.452
7059,35.452
7060,35.452
7061,35.452
7062,35.452
7063,35.452
7064,35.452
7065,35.452
7066,35.452
7067,35.452
7068,35.452
7069,35.452
7070,35.452
7071,35.452
7072,35.452
7073,35.452
7074,35.452
7075,35.452
7076,35.452
7077,35.452
7078,35.452
7079,35.452
7080,35.452
7081,35.452
7082,35.452
7083,35.452
7084,35.452
7085,35.452
7086,35.452
7087,35.452
7088,35.452
7089,35.452
7090,35.452
7091,35.452
7092,35.452
7093,35.452
7094,35.452
7095,35.452
7096,35.452
7097,35.452
7098,35.452
7099,35.452
7100,35.452
7101,35.452
7102,35.452
7103,35.452
7104,35.452
7105,35.452
7106,35.452
7107,35.452
7108,35.452
7109,35.452
7110,35.452
7111,35.452
7112,35.452
7113,35.452
7114,35.452
7115,35.452
7116,35.452
7117,35.452
7118,35.452
7119,35.452
7120,35.452
7121,35.452
7122,35.452
7123,35.452
7124,35.452
7125,35.452
7126,35.452
7127,35.452
7128,35.452
7129,35.452
7130,35.452
7131,35.452
7132,35.452
7133,35.452
7134,35.452
7135,35.452
7136,35.452
7137,35.452
7138,35.452
7139,35.452
7140,35.452
7141,35.452
7142,35.452
7143,35.452
7144,35.452
7145,35.452
7146,35.452
7147,35.452
7148,35.452
7149,35.452
7150,35.452
7151,35.452
7152,35.452
7153,35.452
7154,35.452
7155,35.452
7156,35.452
7157,35.452
7158,35.452
7159,35.452
7160,35.452
7161,35.452
7162,35.452
7163,35.452
7164,35.452
7165,35.452
7166,35.452
7167,35.452
7168,35.452
7169,35.452
7170,35.452
7171,35.452
7172,35.452
7173,35.452
7174,35.452
7175,35.452
7176,35.452
7177,35.452
7178,35.452
7179,35.452
7180,35.452
7181,35.452
7182,35.452
7183,35.452
7184,35.452
7185,35.452
7186,35.452
7187,35.452
7188,35.452
7189,35.452
7190,35.452
7191,35.452
7192,35.452
7193,35.452
7194,35.452
7195,35.452
7196,35.452
7197,35.452
7198,35.452
7199,35.452
7200,35.452
7201,35.452
7202,35.452
7203,35.452
7204,35.452
7205,35.452
7206,35.452
7207,35.452
7208,35.452
7209,35.452
7210,35.452
7211,35.452
7212,35.452
7213,35.452
7214,35.452
7215,35.452
7216,35.452
7217,35.452
7218,35.452
7219,35.452
7220,35.452
7221,35.452
7222,35.452
7223,35.452
7224,35.452
7225,35.452
7226,35.452
7227,35.452
7228,35.452
7229,35.452
7230,35.452
7231,35.452
7232,35.452
7233,35.452
7234,35.452
7235,35.452
7236,35.452
7237,35.452
7238,35.452
7239,35.452
7240,35.452
7241,35.452
7242,35.452
7243,35.452
7244,35.452
7245,35.452
7246,35.452
7247,35.452
7248,35.452
7249,35.452
7250,35.452
7251,35.452
7252,35.452
7253,35.452
7254,35.452
7255,35.452
7256,35.452
7257,35.452
7258,35.452
7259,35.452
7260,35.452
7261,35.452
7262,35.452
7263,35.452
7264,35.452
7265,35.452
7266,35.452
7267,35.452
7268,35.452
7269,35.452
7270,35.452
7271,35.452
7272,35.452
7273,35.452
7274,35.452
7275,35.452
7276,35.452
7277,35.452
7278,35.452
7279,35.452
7280,35.452
7281,35.452
7282,35.452
7283,35.452
7284,35.452
7285,35.452
7286,35.452
7287,35.452
7288,35.452
7289,35.452
7290,35.452
7291,35.452
7292,35.452
7293,35.452
7294,35.452
7295,35.452
7296,35.452
7297,35.452
7298,35.452
7299,35.452
7300,35.452
7301,35.452
7302,35.452
7303,35.452
7304,35.452
7305,35.452
7306,35.452
7307,35.452
7308,35.452
7309,35.452
7310,35.452
7311,35.452
7312,35.452
7313,35.452
7314,35.452
7315,35.452
7316,35.452
7317,35.452
7318,35.452
7319,35.452
7320,35.452
7321,35.452
7322,35.452
7323,35.452
7324,35.452
7325,35.452
7326,35.452
7327,35.452
7328,35.452
7329,35.452
7330,35.452
7331,35.452
7332,35.452
7333,35.452
7334,35.452
7335,35.452
7336,35.452
7337,35.452
7338,35.452
7339,35.452
7340,35.452
7341,35.452
7342,35.452
7343,35.452
7344,35.452
7345,35.452
7346,35.452
7347,35.452
7348,35.452
7349,35.452
7350,35.452
7351,35.452
7352,35.452
7353,35.452
7354,35.452
7355,35.452
7356,35.452
7357,35.452
7358,35.452
7359,35.452
7360,35.452
7361,35.452
7362,35.452
7363,35.452
7364,35.452
7365,35.452
7366,35.452
7367,35.452
7368,35.452
7369,35.452
7370,35.452
7371,35.452
7372,35.452
7373,35.452
7374,35.452
7375,35.452
7376,35.452
7377,35.452
7378,35.452
7379,35.452
7380,35.452
7381,35.452
7382,35.452
7383,35.452
7384,35.452
7385,35.452
7386,35.452
7387,35.452
7388,35.452
7389,35.452
7390,35.452
7391,35.452
7392,35.452
7393,35.452
7394,35.452
7395,35.452
7396,35.452
7397,35.452
7398,35.452
7399,35.452
7400,35.452
7401,35.452
7402,35.452
7403,35.452
7404,35.452
7405,35.452
7406,35.452
7407,35.452
7408,35.452
7409,35.452
7410,35.452
7411,35.452
7412,35.452
7413,35.452
7414,35.452
7415,35.452
7416,35.452
7417,35.452
7418,35.452
7419,35.452
7420,35.452
7421,35.452
7422,35.452
7423,35.452
7424,35.452
7425,35.452
7426,35.452
7427,35.452
7428,35.452
7429,35.452
7430,35.452
7431,35.452
7432,35.452
7433,35.452
7434,35.452
7435,35.452
7436,35.452
7437,35.452
7438,35.452
7439,35.452
7440,35.452
7441,35.452
7442,35.452
7443,35.452
7444,35.452
7445,35.452
7446,35.452
7447,35.452
7448,35.452
7449,35.452
7450,35.452
7451,35.452
7452,35.452
7453,35.452
7454,35.452
7455,35.452
7456,35.452
7457,35.452
7458,35.452
7459,35.452
7460,35.452
7461,35.452
7462,35.452
7463,35.452
7464,35.452
7465,35.452
7466,35.452
7467,35.452
7468,35.452
7469,35.452
7470,35.452
7471,35.452
7472,35.452
7473,35.452
7474,35.452
7475,35.452
7476,35.452
7477,35.452
7478,35.452
7479,35.452
7480,35.452
7481,35.452
7482,35.452
7483,35.452
7484,35.452
7485,35.452
7486,35.452
7487,35.452
7488,35.452
7489,35.452
7490,35.452
7491,35.452
7492,35.452
7493,35.452
7494,35.452
7495,35.452
7496,35.452
7497,35.452
7498,35.452
7499,35.452
7500,35.452
7501,35.452
7502,35.452
7503,35.452
7504,35.452
7505,35.452
7506,35.452
7507,35.452
7508,35.452
7509,35.452
7510,35.452
7511,35.452
7512,35.452
7513,35.452
7514,35.452
7515,35.452
7516,35.452
7517,35.452
7518,35.452
7519,35.452
7520,35.452
7521,35.452
7522,35.452
7523,35.452
7524,35.452
7525,35.452
7526,35.452
7527,35.452
7528,35.452
7529,35.452
7530,35.452
7531,35.452
7532,35.452
7533,35.452
7534,35.452
7535,35.452
7536,35.452
7537,35.452
7538,35.452
7539,35.452
7540,35.452
7541,35.452
7542,35.452
7543,35.452
7544,35.452
7545,35.452
7546,35.452
7547,35.452
7548,35.452
7549,35.452
7550,35.452
7551,35.452
7552,35.452
7553,35.452
7554,35.452
7555,35.452
7556,35.452
7557,35.452
7558,35.452
7559,35.452
7560,35.452
7561,35.452
7562,35.452
7563,35.452
7564,35.452
7565,35.452
7566,35.452
7567,35.452
7568,35.452
7569,35.452
7570,35.452
7571,35.452
7572,35.452
7573,35.452
7574,35.452
7575,35.452
7576,35.452
7577,35.452
7578,35.452
7579,35.452
7580,35.452
7581,35.452
7582,35.452
7583,35.452
7584,35.452
7585,35.452
7586,35.452
7587,35.452
7588,35.452
7589,35.452
7590,35.452
7591,35.452
7592,35.452
7593,35.452
7594,35.452
7595,35.452
7596,35.452
7597,35.452
7598,35.452
7599,35.452
7600,35.452
7601,35.452
7602,35.452
7603,35.452
7604,35.452
7605,35.452
7606,35.452
7607,35.452
7608,35.452
7609,35.452
7610,35.452
7611,35.452
7612,35.452
7613,35.452
7614,35.452
7615,35.452
7616,35.452
7617,35.452
7618,35.452
7619,35.452
7620,35.452
7621,35.452
7622,35.452
7623,35.452
7624,35.452
7625,35.452
7626,35.452
7627,35.452
7628,35.452
7629,35.452
7630,35.452
7631,35.452
7632,35.452
7633,35.452
7634,35.452
7635,35.452
7636,35.452
7637,35.452
7638,35.452
7639,35.452
7640,35.452
7641,35.452
7642,35.452
7643,35.452
7644,35.452
7645,35.452
7646,35.452
7647,35.452
7648,35.452
7649,35.452
7650,35.452
7651,35.452
7652,35.452
7653,35.452
7654,35.452
7655,35.452
7656,35.452
7657,35.452
7658,35.452
7659,35.452
7660,35.452
7661,35.452
7662,35.452
7663,35.452
7664,35.452
7665,35.452
7666,35.452
7667,35.452
7668,35.452
7669,35.452
7670,35.452
7671,35.452
7672,35.452
7673,35.452
7674,35.452
7675,35.452
7676,35.452
7677,35.452
7678,35.452
7679,35.452
7680,35.452
7681,35.452
7682,35.452
7683,35.452
7684,35.452
7685,35.452
7686,35.452
7687,35.452
7688,35.452
7689,35.452
7690,35.452
7691,35.452
7692,35.452
7693,35.452
7694,35.452
7695,35.452
7696,35.452
7697,35.452
7698,35.452
7699,35.452
7700,35.452
7701,35.452
7702,35.452
7703,35.452
7704,35.452
7705,35.452
7706,35.452
7707,35.452
7708,35.452
7709,35.452
7710,35.452
7711,35.452
7712,35.452
7713,35.452
7714,35.452
7715,35.452
7716,35.452
7717,35.452
7718,35.452
7719,35.452
7720,35.452
7721,35.452
7722,35.452
7723,35.452
7724,35.452
7725,35.452
7726,35.452
7727,35.452
7728,35.452
7729,35.452
7730,35.452
7731,35.452
7732,35.452
7733,35.452
7734,35.452
7735,35.452
7736,35.452
7737,35.452
7738,35.452
7739,35.452
7740,35.452
7741,35.452
7742,35.452
7743,35.452
7744,35.452
7745,35.452
7746,35.452
7747,35.452
7748,35.452
7749,35.452
7750,35.452
7751,35.452
7752,35.452
7753,35.452
7754,35.452
7755,35.452
7756,35.452
7757,35.452
7758,35.452
7759,35.452
7760,35.452
7761,35.452
7762,35.452
7763,35.452
7764,35.452
7765,35.452
7766,35.452
7767,35.452
7768,35.452
7769,35.452
7770,35.452
7771,35.452
7772,35.452
7773,35.452
7774,35.452
7775,35.452
7776,35.452
7777,35.452
7778,35.452
7779,35.452
7780,35.452
7781,35.452
7782,35.452
7783,35.452
7784,35.452
7785,35.452
7786,35.452
7787,35.452
7788,35.452
7789,35.452
7790,35.452
7791,35.452
7792,35.452
7793,35.452
7794,35.452
7795,35.452
7796,35.452
7797,35.452
7798,35.452
7799,35.452
7800,35.452
7801,35.452
7802,35.452
7803,35.452
7804,35.452
7805,35.452
7806,35.452
7807,35.452
7808,35.452
7809,35.452
7810,35.452
7811,35.452
7812,35.452
7813,35.452
7814,35.452
7815,35.452
7816,35.452
7817,35.452
7818,35.452
7819,35.452
7820,35.452
7821,35.452
7822,35.452
7823,35.452
7824,35.452
7825,35.452
7826,35.452
7827,35.452
7828,35.452
7829,35.452
7830,35.452
7831,35.452
7832,35.452
7833,35.452
7834,35.452
7835,35.452
7836,35.452
7837,35.452
7838,35.452
7839,35.452
7840,35.452
7841,35.452
7842,35.452
7843,35.452
7844,35.452
7845,35.452
7846,35.452
7847,35.452
7848,35.452
7849,35.452
7850,35.452
7851,35.452
7852,35.452
7853,35.452
7854,35.452
7855,35.452
7856,35.452
7857,35.452
7858,35.452
7859,35.452
7860,35.452
7861,35.452
7862,35.452
7863,35.452
7864,35.452
7865,35.452
7866,35.452
7867,35.452
7868,35.452
7869,35.452
7870,35.452
7871,35.452
7872,35.452
7873,35.452
7874,35.452
7875,35.452
7876,35.452
7877,35.452
7878,35.452
7879,35.452
7880,35.452
7881,35.452
7882,35.452
7883,35.452
7884,35.452
7885,35.452
7886,35.452
7887,35.452
7888,35.452
7889,35.452
7890,35.452
7891,35.452
7892,35.452
7893,35.452
7894,35.452
7895,35.452
7896,35.452
7897,35.452
7898,35.452
7899,35.452
7900,35.452
7901,35.452
7902,35.452
7903,35.452
7904,35.452
7905,35.452
7906,35.452
7907,35.452
7908,35.452
7909,35.452
7910,35.452
7911,35.452
7912,35.452
7913,35.452
7914,35.452
7915,35.452
7916,35.452
7917,35.452
7918,35.452
7919,35.452
7920,35.452
7921,35.452
7922,35.452
7923,35.452
7924,35.452
7925,35.452
7926,35.452
7927,35.452
7928,35.452
7929,35.452
7930,35.452
7931,35.452
7932,35.452
7933,35.452
7934,35.452
7935,35.452
7936,35.452
7937,35.452
7938,35.452
7939,35.452
7940,35.452
7941,35.452
7942,35.452
7943,35.452
7944,35.452
7945,35.452
7946,35.452
7947,35.452
7948,35.452
7949,35.452
7950,35.452
7951,35.452
7952,35.452
7953,35.452
7954,35.452
7955,35.452
7956,35.452
7957,35.452
7958,35.452
7959,35.452
7960,35.452
7961,35.452
7962,35.452
7963,35.452
7964,35.452
7965,35.452
7966,35.452
7967,35.452
7968,35.452
7969,35.452
7970,35.452
7971,35.452
7972,35.452
7973,35.452
7974,35.452
7975,35.452
7976,35.452
7977,35.452
7978,35.452
7979,35.452
7980,35.452
7981,35.452
7982,35.452
7983,35.452
7984,35.452
7985,35.452
7986,35.452
7987,35.452
7988,35.452
7989,35.452
7990,35.452
7991,35.452
7992,35.452
7993,35.452
7994,35.452
7995,35.452
7996,35.452
7997,35.452
7998,35.452
7999,35.452
8000,35.452
8001,35.452
8002,35.452
8003,35.452
8004,35.452
8005,35.452
8006,35.452
8007,35.452
8008,35.452
8009,35.452
8010,35.452
8011,35.452
8012,35.452
8013,35.452
8014,35.452
8015,35.452
8016,35.452
8017,35.452
8018,35.452
8019,35.452
8020,35.452
8021,35.452
8022,35.452
8023,35.452
8024,35.452
8025,35.452
8026,35.452
8027,35.452
8028,35.452
8029,35.452
8030,35.452
8031,35.452
8032,35.452
8033,35.452
8034,35.452
8035,35.452
8036,35.452
8037,35.452
8038,35.452
8039,35.452
8040,35.452
8041,35.452
8042,35.452
8043,35.452
8044,35.452
8045,35.452
8046,35.452
8047,35.452
8048,35.452
8049,35.452
8050,35.452
8051,35.452
8052,35.452
8053,35.452
8054,35.452
8055,35.452
8056,35.452
8057,35.452
8058,35.452
8059,35.452
8060,35.452
8061,35.452
8062,35.452
8063,35.452
8064,35.452
8065,35.452
8066,35.452
8067,35.452
8068,35.452
8069,35.452
8070,35.452
8071,35.452
8072,35.452
8073,35.452
8074,35.452
8075,35.452
8076,35.452
8077,35.452
8078,35.452
8079,35.452
8080,35.452
8081,35.452
8082,35.452
8083,35.452
8084,35.452
8085,35.452
8086,35.452
8087,35.452
8088,35.452
8089,35.452
8090,35.452
8091,35.452
8092,35.452
8093,35.452
8094,35.452
8095,35.452
8096,35.452
8097,35.452
8098,35.452
8099,35.452
8100,35.452
8101,35.452
8102,35.452
8103,35.452
8104,35.452
8105,35.452
8106,35.452
8107,35.452
8108,35.452
8109,35.452
8110,35.452
8111,35.452
8112,35.452
8113,35.452
8114,35.452
8115,35.452
8116,35.452
8117,35.452
8118,35.452
8119,35.452
8120,35.452
8121,35.452
8122,35.452
8123,35.452
8124,35.452
8125,35.452
8126,35.452
8127,35.452
8128,35.452
8129,35.452
8130,35.452
8131,35.452
8132,35.452
8133,35.452
8134,35.452
8135,35.452
8136,35.452
8137,35.452
8138,35.452
8139,35.452
8140,35.452
8141,35.452
8142,35.452
8143,35.452
8144,35.452
8145,35.452
8146,35.452
8147,35.452
8148,35.452
8149,35.452
8150,35.452
8151,35.452
8152,35.452
8153,35.452
8154,35.452
8155,35.452
8156,35.452
8157,35.452
8158,35.452
8159,35.452
8160,35.452
8161,35.452
8162,35.452
8163,35.452
8164,35.452
8165,35.452
8166,35.452
8167,35.452
8168,35.452
8169,35.452
8170,35.452
8171,35.452
8172,35.452
8173,35.452
8174,35.452
8175,35.452
8176,35.452
8177,35.452
8178,35.452
8179,35.452
8180,35.452
8181,35.452
8182,35.452
8183,35.452
8184,35.452
8185,35.452
8186,35.452
8187,35.452
8188,35.452
8189,35.452
8190,35.452
8191,35.452
8192,35.452
8193,35.452
8194,35.452
8195,35.452
8196,35.452
8197,35.452
8198,35.452
8199,35.452
8200,35.452
8201,35.452
8202,35.452
8203,35.452
8204,35.452
8205,35.452
8206,35.452
8207,35.452
8208,35.452
8209,35.452
8210,35.452
8211,35.452
8212,35.452
8213,35.452
8214,35.452
8215,35.452
8216,35.452
8217,35.452
8218,35.452
8219,35.452
8220,35.452
8221,35.452
8222,35.452
8223,35.452
8224,35.452
8225,35.452
8226,35.452
8227,35.452
8228,35.452
8229,35.452
8230,35.452
8231,35.452
8232,35.452
8233,35.452
8234,35.452
8235,35.452
8236,35.452
8237,35.452
8238,35.452
8239,35.452
8240,35.452
8241,35.452
8242,35.452
8243,35.452
8244,35.452
8245,35.452
8246,35.452
8247,35.452
8248,35.452
8249,35.452
8250,35.452
8251,35.452
8252,35.452
8253,35.452
8254,35.452
8255,35.452
8256,35.452
8257,35.452
8258,35.452
8259,35.452
8260,35.452
8261,35.452
8262,35.452
8263,35.452
8264,35.452
8265,35.452
8266,35.452
8267,35.452
8268,35.452
8269,35.452
8270,35.452
8271,35.452
8272,35.452
8273,35.452
8274,35.452
8275,35.452
8276,35.452
8277,35.452
8278,35.452
8279,35.452
8280,35.452
8281,35.452
8282,35.452
8283,35.452
8284,35.452
8285,35.452
8286,35.452
8287,35.452
8288,35.452
8289,35.452
8290,35.452
8291,35.452
8292,35.452
8293,35.452
8294,35.452
8295,35.452
8296,35.452
8297,35.452
8298,35.452
8299,35.452
8300,35.452
8301,35.452
8302,35.452
8303,35.452
8304,35.452
8305,35.452
8306,35.452
8307,35.452
8308,35.452
8309,35.452
8310,35.452
8311,35.452
8312,35.452
8313,35.452
8314,35.452
8315,35.452
8316,35.452
8317,35.452
8318,35.452
8319,35.452
8320,35.452
8321,35.452
8322,35.452
8323,35.452
8324,35.452
8325,35.452
8326,35.452
8327,35.452
8328,35.452
8329,35.452
8330,35.452
8331,35.452
8332,35.452
8333,35.452
8334,35.452
8335,35.452
8336,35.452
8337,35.452
8338,35.452
8339,35.452
8340,35.452
8341,35.452
8342,35.452
8343,35.452
8344,35.452
8345,35.452
8346,35.452
8347,35.452
8348,35.452
8349,35.452
8350,35.452
8351,35.452
8352,35.452
8353,35.452
8354,35.452
8355,35.452
8356,35.452
8357,35.452
8358,35.452
8359,35.452
8360,35.452
8361,35.452
8362,35.452
8363,35.452
8364,35.452
8365,35.452
8366,35.452
8367,35.452
8368,35.452
8369,35.452
8370,35.452
8371,35.452
8372,35.452
8373,35.452
8374,35.452
8375,35.452
8376,35.452
8377,35.452
8378,35.452
8379,35.452
8380,35.452
8381,35.452
8382,35.452
8383,35.452
8384,35.452
8385,35.452
8386,35.452
8387,35.452
8388,35.452
8389,35.452
8390,35.452
8391,35.452
8392,35.452
8393,35.452
8394,35.452
8395,35.452
8396,35.452
8397,35.452
8398,35.452
8399,35.452
8400,35.452
8401,35.452
8402,35.452
8403,35.452
8404,35.452
8405,35.452
8406,35.452
8407,35.452
8408,35.452
8409,35.452
8410,35.452
8411,35.452
8412,35.452
8413,35.452
8414,35.452
8415,35.452
8416,35.452
8417,35.452
8418,35.452
8419,35.452
8420,35.452
8421,35.452
8422,35.452
8423,35.452
8424,35.452
8425,35.452
8426,35.452
8427,35.452
8428,35.452
8429,35.452
8430,35.452
8431,35.452
8432,35.452
8433,35.452
8434,35.452
8435,35.452
8436,35.452
8437,35.452
8438,35.452
8439,35.452
8440,35.452
8441,35.452
8442,35.452
8443,35.452
8444,35.452
8445,35.452
8446,35.452
8447,35.452
8448,35.452
8449,35.452
8450,35.452
8451,35.452
8452,35.452
8453,35.452
8454,35.452
8455,35.452
8456,35.452
8457,35.452
8458,35.452
8459,35.452
8460,35.452
8461,35.452
8462,35.452
8463,35.452
8464,35.452
8465,35.452
8466,35.452
8467,35.452
8468,35.452
8469,35.452
8470,35.452
8471,35.452
8472,35.452
8473,35.452
8474,35.452
8475,35.452
8476,35.452
8477,35.452
8478,35.452
8479,35.452
8480,35.452
8481,35.452
8482,35.452
8483,35.452
8484,35.452
8485,35.452
8486,35.452
8487,35.452
8488,35.452
8489,35.452
8490,35.452
8491,35.452
8492,35.452
8493,35.452
8494,35.452
8495,35.452
8496,35.452
8497,35.452
8498,35.452
8499,35.452
8500,35.452
8501,35.452
8502,35.452
8503,35.452
8504,35.452
8505,35.452
8506,35.452
8507,35.452
8508,35.452
8509,35.452
8510,35.452
8511,35.452
8512,35.452
8513,35.452
8514,35.452
8515,35.452
8516,35.452
8517,35.452
8518,35.452
8519,35.452
8520,35.452
8521,35.452
8522,35.452
8523,35.452
8524,35.452
8525,35.452
8526,35.452
8527,35.452
8528,35.452
8529,35.452
8530,35.452
8531,35.452
8532,35.452
8533,35.452
8534,35.452
8535,35.452
8536,35.452
8537,35.452
8538,35.452
8539,35.452
8540,35.452
8541,35.452
8542,35.452
8543,35.452
8544,35.452
8545,35.452
8546,35.452
8547,35.452
8548,35.452
8549,35.452
8550,35.452
8551,35.452
8552,35.452
8553,35.452
8554,35.452
8555,35.452
8556,35.452
8557,35.452
8558,35.452
8559,35.452
8560,35.452
8561,35.452
8562,35.452
8563,35.452
8564,35.452
8565,35.452
8566,35.452
8567,35.452
8568,35.452
8569,35.452
8570,35.452
8571,35.452
8572,35.452
8573,35.452
8574,35.452
8575,35.452
8576,35.452
8577,35.452
8578,35.452
8579,35.452
8580,35.452
8581,35.452
8582,35.452
8583,35.452
8584,35.452
8585,35.452
8586,35.452
8587,35.452
8588,35.452
8589,35.452
8590,35.452
8591,35.452
8592,35.452
8593,35.452
8594,35.452
8595,35.452
8596,35.452
8597,35.452
8598,35.452
8599,35.452
8600,35.452
8601,35.452
8602,35.452
8603,35.452
8604,35.452
8605,35.452
8606,35.452
8607,35.452
8608,35.452
8609,35.452
8610,35.452
8611,35.452
8612,35.452
8613,35.452
8614,35.452
8615,35.452
8616,35.452
8617,35.452
8618,35.452
8619,35.452
8620,35.452
8621,35.452
8622,35.452
8623,35.452
8624,35.452
8625,35.452
8626,35.452
8627,35.452
8628,35.452
8629,35.452
8630,35.452
8631,35.452
8632,35.452
8633,35.452
8634,35.452
8635,35.452
8636,35.452
8637,35.452
8638,35.452
8639,35.452
8640,35.452
8641,35.452
8642,35.452
8643,35.452
8644,35.452
8645,35.452
8646,35.452
8647,35.452
8648,35.452
8649,35.452
8650,35.452
8651,35.452
8652,35.452
8653,35.452
8654,35.452
8655,35.452
8656,35.452
8657,35.452
8658,35.452
8659,35.452
8660,35.452
8661,35.452
8662,35.452
8663,35.452
8664,35.452
8665,35.452
8666,35.452
8667,35.452
8668,35.452
8669,35.452
8670,35.452
8671,35.452
8672,35.452
8673,35.452
8674,35.452
8675,35.452
8676,35.452
8677,35.452
8678,35.452
8679,35.452
8680,35.452
8681,35.452
8682,35.452
8683,35.452
8684,35.452
8685,35.452
8686,35.452
8687,35.452
8688,35.452
8689,35.452
8690,35.452
8691,35.452
8692,35.452
8693,35.452
8694,35.452
8695,35.452
8696,35.452
8697,35.452
8698,35.452
8699,35.452
8700,35.452
8701,35.452
8702,35.452
8703,35.452
8704,35.452
8705,35.452
8706,35.452
8707,35.452
8708,35.452
8709,35.452
8710,35.452
8711,35.452
8712,35.452
8713,35.452
8714,35.452
8715,35.452
8716,35.452
8717,35.452
8718,35.452
8719,35.452
8720,35.452
8721,35.452
8722,35.452
8723,35.452
8724,35.452
8725,35.452
8726,35.452
8727,35.452
8728,35.452
8729,35.452
8730,35.452
8731,35.452
8732,35.452
8733,35.452
8734,35.452
8735,35.452
8736,35.452
8737,35.452
8738,35.452
8739,35.452
8740,35.452
8741,35.452
8742,35.452
8743,35.452
8744,35.452
8745,35.452
8746,35.452
8747,35.452
8748,35.452
8749,35.452
8750,35.452
8751,35.452
8752,35.452
8753,35.452
8754,35.452
8755,35.452
8756,35.452
8757,35.452
8758,35.452
8759,35.452
8760,35.452
8761,35.452
8762,35.452
8763,35.452
8764,35.452
8765,35.452
8766,35.452
8767,35.452
8768,35.452
8769,35.452
8770,35.452
8771,35.452
8772,35.452
8773,35.452
8774,35.452
8775,35.452
8776,35.452
8777,35.452
8778,35.452
8779,35.452
8780,35.452
8781,35.452
8782,35.452
8783,35.452
8784,35.452
8785,35.452
8786,35.452
8787,35.452
8788,35.452
8789,35.452
8790,35.452
8791,35.452
8792,35.452
8793,35.452
8794,35.452
8795,35.452
8796,35.452
8797,35.452
8798,35.452
8799,35.452
8800,35.452
8801,35.452
8802,35.452
8803,35.452
8804,35.452
8805,35.452
8806,35.452
8807,35.452
8808,35.452
8809,35.452
8810,35.452
8811,35.452
8812,35.452
8813,35.452
8814,35.452
8815,35.452
8816,35.452
8817,35.452
8818,35.452
8819,35.452
8820,35.452
8821,35.452
8822,35.452
8823,35.452
8824,35.452
8825,35.452
8826,35.452
8827,35.452
8828,35.452
8829,35.452
8830,35.452
8831,35.452
8832,35.452
8833,35.452
8834,35.452
8835,35.452
8836,35.452
8837,35.452
8838,35.452
8839,35.452
8840,35.452
8841,35.452
8842,35.452
8843,35.452
8844,35.452
8845,35.452
8846,35.452
8847,35.452
8848,35.452
8849,35.452
8850,35.452
8851,35.452
8852,35.452
8853,35.452
8854,35.452
8855,35.452
8856,35.452
8857,35.452
8858,35.452
8859,35.452
8860,35.452
8861,35.452
8862,35.452
8863,35.452
8864,35.452
8865,35.452
8866,35.452
8867,35.452
8868,35.452
8869,35.452
8870,35.452
8871,35.452
8872,35.452
8873,35.452
8874,35.452
8875,35.452
8876,35.452
8877,35.452
8878,35.452
8879,35.452
8880,35.452
8881,35.452
8882,35.452
8883,35.452
8884,35.452
8885,35.452
8886,35.452
8887,35.452
8888,35.452
8889,35.452
8890,35.452
8891,35.452
8892,35.452
8893,35.452
8894,35.452
8895,35.452
8896,35.452
8897,35.452
8898,35.452
8899,35.452
8900,35.452
8901,35.452
8902,35.452
8903,35.452
8904,35.452
8905,35.452
8906,35.452
8907,35.452
8908,35.452
8909,35.452
8910,35.452
8911,35.452
8912,35.452
8913,35.452
8914,35.452
8915,35.452
8916,35.452
8917,35.452
8918,35.452
8919,35.452
8920,35.452
8921,35.452
8922,35.452
8923,35.452
8924,35.452
8925,35.452
8926,35.452
8927,35.452
8928,35.452
8929,35.452
8930,35.452
8931,35.452
8932,35.452
8933,35.452
8934,35.452
8935,35.452
8936,35.452
8937,35.452
8938,35.452
8939,35.452
8940,35.452
8941,35.452
8942,35.452
8943,35.452
8944,35.452
8945,35.452
8946,35.452
8947,35.452
8948,35.452
8949,35.452
8950,35.452
8951,35.452
8952,35.452
8953,35.452
8954,35.452
8955,35.452
8956,35.452
8957,35.452
8958,35.452
8959,35.452
8960,35.452
8961,35.452
8962,35.452
8963,35.452
8964,35.452
8965,35.452
8966,35.452
8967,35.452
8968,35.452
8969,35.452
8970,35.452
8971,35.452
8972,35.452
8973,35.452
8974,35.452
8975,35.452
8976,35.452
8977,35.452
8978,35.452
8979,35.452
8980,35.452
8981,35.452
8982,35.452
8983,35.452
8984,35.452
8985,35.452
8986,35.452
8987,35.452
8988,35.452
8989,35.452
8990,35.452
8991,35.452
8992,35.452
8993,35.452
8994,35.452
8995,35.452
8996,35.452
8997,35.452
8998,35.452
8999,35.452
9000,35.452
9001,35.452
9002,35.452
9003,35.452
9004,35.452
9005,35.452
9006,35.452
9007,35.452
9008,35.452
9009,35.452
9010,35.452
9011,35.452
